"decision_np","decision"
"http://purl.org/np/RAty4B0ZyO3gMW02Tbo41gZHmioDmot2hK_F51HKRTjkw","http://purl.org/spar/pso/accepted-for-publication"
"http://purl.org/np/RAMNj6VHDqFRtvXZLgdQNQzrf52BWZhFPq0DtFt1C_PzY","http://purl.org/spar/pso/accepted-for-publication"
"http://purl.org/np/RA8BLtUFY9NoS6sQdDptZ-_77GnW11EqY0PCBzmp-uQys","http://purl.org/spar/pso/accepted-for-publication"
"http://purl.org/np/RA2-eahziacyavza3T31DfPDeQJabPiSUR-nA9IAs2rJY","http://purl.org/spar/pso/accepted-for-publication"
"http://purl.org/np/RAWJbD5e0bP_cw7FsWpvDNyFgaa7mtTMgmJ-Sv0rfUOMQ","http://purl.org/spar/pso/accepted-for-publication"
"http://purl.org/np/RAXrzGYzSlSSohJfZeEy_tAe0WB3yEDr1_8rj00N7egtA","http://purl.org/spar/pso/accepted-for-publication"
"http://purl.org/np/RAKNnwB9sUaOdqUz3vk6FvIY8ckt5NsEn3scZb0MLux00","http://purl.org/spar/pso/accepted-for-publication"
"http://purl.org/np/RAmSh6ro3wlCZDHVmBGqEBYfY-WkXR7W2FYcLhRuirYBE","http://purl.org/spar/pso/accepted-for-publication"
"http://purl.org/np/RArHWhbuGlagtVcVZytxkFwWcsnPSeZYOpz5gnPINruME","http://purl.org/spar/pso/accepted-for-publication"
"http://purl.org/np/RAyt9RZbScNQ76A_3keOT9cS1sv5vk9jN1BbJ4b8FkUsg","http://purl.org/spar/pso/accepted-for-publication"
"http://purl.org/np/RAYDQy2RDgmskhPV-B2-BLSBDN84G1ru-TJK_RwBHyQEw","http://purl.org/spar/pso/accepted-for-publication"
"http://purl.org/np/RAJY7wiISIWV3ND9kRMQyzE5uyoq8GYd7rkZNL7NAdab8","http://purl.org/spar/pso/accepted-for-publication"
"http://purl.org/np/RAmwI--UvGZeNOqgg8JO0i8wujBr7DPGOgB2zFkpN-zJI","http://purl.org/spar/pso/accepted-for-publication"
"http://purl.org/np/RAgM9cY7OGMXgyPYL4Aimc9CKIsMVaxhHmZdAKD-AdMQA","http://purl.org/spar/pso/accepted-for-publication"
"http://purl.org/np/RAZRc30QS-6ito2P4TPeWvn13hLC-U_vTuhS1FXTI1MbQ","http://purl.org/spar/pso/accepted-for-publication"
,
,
,
,
,
,
,
,
,
,
,
,
,
,
